{
  "train_loss": [
    571.7361122179738,
    467.7050084055604,
    322.5528495933742,
    170.02782161462633,
    54.05533571868316,
    19.625591665997817,
    17.252315167191163,
    17.0669813031122,
    16.496651956344508,
    16.145229918659364,
    15.437477365860728,
    15.440483804182573,
    15.475208509900858,
    15.13622494913307,
    15.244257207955165,
    14.182499539574911,
    14.203698563122094,
    14.533367162224605,
    14.400236344287057,
    14.03259963344066,
    14.300521073129666,
    14.023319087522479,
    13.74632163985335,
    13.910049775992588,
    13.716294637845385,
    12.96335532085588,
    13.615268157652519,
    13.110582040379466,
    13.31205296304715,
    13.151158590498232,
    12.854556796616277,
    12.996416869778463,
    12.93265266418457,
    12.888042221714528,
    12.574528395751566,
    12.68243679425681,
    11.922847944586271,
    12.64112710972921,
    12.363961633113675,
    11.89494984527975,
    12.390020862442242,
    11.763463731648805,
    11.756799320035455,
    12.246624734487392,
    12.073325182166714,
    11.965352670536484,
    12.066424474252456,
    11.394573523378272,
    12.242554254511699,
    12.019859395017079,
    12.111807198554718,
    12.131851049911145,
    12.091820911625224,
    11.985576553022131,
    11.369039994011974,
    11.443625939270406,
    11.974191332165837,
    11.810386520208315,
    11.57353538247042,
    11.541245163721968,
    11.582705066672844,
    11.499723801804395,
    11.515573851200289,
    11.704891439522548,
    11.788779821254739,
    11.258798396007707,
    11.713312066382636,
    11.293579844339705,
    11.407434544149968,
    11.339883822467312,
    11.571147177536947,
    11.53561950264219,
    11.336138064362283,
    11.073308082564436,
    11.560107831975118
  ],
  "val_loss": [
    542.1897981646904,
    427.1601980244851,
    265.9859559241487,
    97.61684553272228,
    18.625348431608195,
    13.427030663401544,
    9.267743857782303,
    7.996577997094685,
    7.232070548481949,
    7.998582123499836,
    7.6614721914636705,
    7.159151893783544,
    7.222014948397925,
    7.149346225757889,
    7.904031918133576,
    6.993845279648421,
    6.839615925112755,
    6.996255180759075,
    7.662734372159955,
    6.596577688723853,
    6.772972702374918,
    6.3323280629772825,
    6.634857595672866,
    6.035667009563414,
    6.4990526714099035,
    6.231511362918138,
    6.106955270880168,
    6.371464524373992,
    5.750184626345304,
    5.997666015237721,
    6.282692131455578,
    6.368398607483169,
    5.789746697582368,
    5.753139961391133,
    6.287964862817032,
    6.136141296974092,
    5.833918920023187,
    5.967870433116726,
    6.062943874075127,
    5.8086944296073595,
    6.02807154953984,
    5.899808764255995,
    5.887781964542499,
    5.758622136414555,
    5.781652874147832,
    5.930082130754862,
    5.688497147180909,
    5.619633746429547,
    5.614396204198073,
    5.786699264384365,
    5.586154713445105,
    5.692899148879721,
    5.626883213088395,
    5.663568056981172,
    5.532606070820249,
    5.921102585122871,
    5.793649233738985,
    5.896811916138315,
    5.685350915905586,
    5.579998970838569,
    5.660516200735283,
    5.906221416395933,
    5.816416027985652,
    5.602948551048885,
    5.686471490488843,
    5.781109960752897,
    5.658035310593555,
    5.577639098094805,
    5.723049280002033,
    5.743391202387673,
    5.544299444369656,
    5.570691178897916,
    5.644341797998109,
    5.59040369317818,
    5.78899999237706
  ],
  "val_mae": [
    19.277805021773336,
    16.392655490416963,
    12.072119027023186,
    6.863257592906403,
    2.991888083782293,
    2.6169167617855944,
    2.175884828147953,
    2.0587808141853605,
    1.9914085425297823,
    2.0562738315304725,
    2.023163099175984,
    1.9564369870523108,
    1.958362873839041,
    1.9612359326906414,
    2.0496598173519076,
    1.943780194280918,
    1.9223902903232477,
    1.9339643626043639,
    2.0039234617236503,
    1.895748704419725,
    1.9045723146190094,
    1.8649465600044393,
    1.890130466817801,
    1.8326886220631866,
    1.877423520015581,
    1.8521340088997598,
    1.8286438853607565,
    1.8689786282489345,
    1.8012053528816365,
    1.8229480189115264,
    1.8481049822066642,
    1.8334468328811593,
    1.7985155322224962,
    1.7940202424974006,
    1.8411998803240395,
    1.8157158002837257,
    1.7983232187942402,
    1.8073303816483912,
    1.8165338694948432,
    1.792580840147893,
    1.811900171935054,
    1.7894971796300407,
    1.7920342181539777,
    1.7777247251391208,
    1.7833541048763166,
    1.7929675238184921,
    1.7741829713589043,
    1.765046060791274,
    1.7657995129196373,
    1.7828169869489072,
    1.7610776281195446,
    1.7711673164125628,
    1.7684397665175489,
    1.769712957230518,
    1.752199353703791,
    1.7940441339754212,
    1.7746602914054987,
    1.790607828779269,
    1.7675112824754666,
    1.7591190132392844,
    1.7658093925660032,
    1.787863894364152,
    1.778047324638883,
    1.757783188634314,
    1.7677864386950652,
    1.7759459597608562,
    1.7619573676646663,
    1.7524485362161033,
    1.766417837990117,
    1.769697557649435,
    1.7532542699888072,
    1.7519392646508773,
    1.7642323680335494,
    1.7545861405164458,
    1.776455424360414
  ],
  "best_epoch": 54,
  "best_val_loss": 5.532606070820249
}