{
  "train_loss": [
    1.194281805562609,
    0.923307956427816,
    0.7866619108489654,
    0.6850708345420488,
    0.6233921916531343,
    0.5815642053439922,
    0.5929689398248688,
    0.5478212154447476,
    0.5573697634629015,
    0.5294928793638212,
    0.5219196625136034,
    0.4956663841408527,
    0.5229549067216571,
    0.5241125995471783,
    0.48248625946712254,
    0.49790453031166215,
    0.47598539291548464,
    0.4676648425388579,
    0.5130143366292739,
    0.4590719991361215,
    0.4822584578200252,
    0.43678551449727165,
    0.4859972360454645,
    0.4151643616754792,
    0.5034266486321596,
    0.43825502285419426,
    0.4574661025361958,
    0.44548778631507185,
    0.3879899640423044,
    0.49896444315825406,
    0.4061285516940708,
    0.5058156135630264,
    0.41180971403866123,
    0.4035792051229162,
    0.39696545169654796,
    0.46369010835658503,
    0.39467252731525465,
    0.4178311590222204,
    0.46534881508886256,
    0.403171094698457,
    0.39075250391539523,
    0.41200101709244513,
    0.46852619168715925,
    0.40757063463444015,
    0.4212200781417358,
    0.3254288632653344,
    0.40537148289401415,
    0.3881814084864957,
    0.4104040007757069,
    0.34827046201227074,
    0.41492615957397644,
    0.40831637041259355,
    0.40937299613127576,
    0.42507493751245196
  ],
  "val_loss": [
    0.9428796633597343,
    0.7338452353845832,
    0.5924759413066664,
    0.4699900298551712,
    0.4158012177320814,
    0.38135121368086805,
    0.36053878357333524,
    0.3412325298745685,
    0.3096926954585951,
    0.31894316942967055,
    0.28758206809214704,
    0.28638900366116865,
    0.29359808597074905,
    0.2828260895958983,
    0.26295441238554307,
    0.2601833582582215,
    0.26302894175761016,
    0.26433333001891707,
    0.2612966913951273,
    0.25047698838348503,
    0.26987258186769403,
    0.24274164186521782,
    0.24968287304473855,
    0.29198706037474004,
    0.26092726109843506,
    0.25376532110425126,
    0.24001904818623093,
    0.2563097624958877,
    0.24751645501178068,
    0.24469263673284058,
    0.23332870005296324,
    0.29882319855973355,
    0.27207340713723205,
    0.2956531932277064,
    0.28688734930470355,
    0.26469230482351597,
    0.2508463310820947,
    0.2739361871305872,
    0.23133595688790337,
    0.24584863349441155,
    0.2882939069982498,
    0.27496147315778435,
    0.25965545713547333,
    0.24786297932064796,
    0.25010651697883785,
    0.24278077718458677,
    0.24733642706290165,
    0.2669257206782218,
    0.2978989056015865,
    0.24582690388875017,
    0.3238258897904022,
    0.24772290707089906,
    0.2694803145168593,
    0.25224078150627366
  ],
  "val_accuracy": [
    0.6146010186757216,
    0.7079796264855688,
    0.7945670628183361,
    0.8471986417657046,
    0.8777589134125636,
    0.8828522920203735,
    0.8947368421052632,
    0.8981324278438031,
    0.8998302207130731,
    0.8998302207130731,
    0.8913412563667232,
    0.8981324278438031,
    0.9032258064516129,
    0.8998302207130731,
    0.9049235993208828,
    0.9134125636672326,
    0.8998302207130731,
    0.8947368421052632,
    0.9100169779286927,
    0.9117147707979627,
    0.9168081494057725,
    0.9151103565365025,
    0.9168081494057725,
    0.9303904923599321,
    0.9032258064516129,
    0.9235993208828522,
    0.9303904923599321,
    0.9371816638370118,
    0.9388794567062818,
    0.9100169779286927,
    0.9320882852292021,
    0.9269949066213922,
    0.9219015280135824,
    0.9320882852292021,
    0.9117147707979627,
    0.9303904923599321,
    0.9185059422750425,
    0.933786078098472,
    0.9252971137521222,
    0.8896434634974533,
    0.9219015280135824,
    0.9066213921901528,
    0.9168081494057725,
    0.9015280135823429,
    0.9219015280135824,
    0.9235993208828522,
    0.9269949066213922,
    0.9252971137521222,
    0.9235993208828522,
    0.9066213921901528,
    0.9202037351443124,
    0.9185059422750425,
    0.9235993208828522,
    0.9185059422750425
  ],
  "best_epoch": 38,
  "best_val_loss": 0.23133595688790337
}